{
    "bricks": [
        {
            "blocks": [
                [
                    0,
                    0
                ],
                [
                    1,
                    0
                ],
                [
                    0,
                    1
                ]
            ],
            "color": [
                0.5,
                0.5,
                0.5
            ],
            "rotationLevel": 0,
            "snapCoordinates": [
                0,
                0
            ],
            "snapPanel": 0,
            "transform": [
                0.7070725560188293,
                -0.7071396112442017,
                3.8742979313610704e-07,
                0.0,
                0.5000225305557251,
                0.4999755322933197,
                0.7071065306663513,
                0.0,
                -0.5000241994857788,
                -0.49997636675834656,
                0.7071060538291931,
                0.0,
                3.890571355819702,
                1.1760358810424805,
                1.0545583963394165,
                1.0
            ]
        },
        {
            "blocks": [
                [
                    0,
                    0
                ],
                [
                    -1,
                    0
                ],
                [
                    -1,
                    1
                ],
                [
                    -1,
                    -1
                ],
                [
                    0,
                    -1
                ],
                [
                    1,
                    -1
                ]
            ],
            "color": [
                1.0,
                1.0,
                0.0
            ],
            "rotationLevel": 1,
            "snapPanel": null,
            "transform": [
                0.7036811709403992,
                -0.7105158567428589,
                -1.9942911322345935e-08,
                0.0,
                0.7105158567428589,
                0.7036811709403992,
                1.7154407672137495e-08,
                0.0,
                1.844972175035764e-09,
                -2.6240988049153202e-08,
                1.0,
                0.0,
                3.5755434036254883,
                1.026679515838623,
                -1.5981368450823652e-09,
                1.0
            ]
        },
        {
            "blocks": [
                [
                    0,
                    0
                ],
                [
                    0,
                    1
                ],
                [
                    1,
                    0
                ]
            ],
            "color": [
                1.0,
                0.0,
                0.0
            ],
            "rotationLevel": 0,
            "snapPanel": null,
            "transform": [
                0.9790253043174744,
                -0.20373865962028503,
                -0.00010601954272715375,
                0.0,
                0.20373868942260742,
                0.9790253043174744,
                0.0002048075693892315,
                0.0,
                6.206859688973054e-05,
                -0.00022211206669453532,
                1.0,
                0.0,
                9.508221626281738,
                1.6626310348510742,
                -2.317248799954541e-05,
                1.0
            ]
        },
        {
            "blocks": [
                [
                    0,
                    0
                ],
                [
                    0,
                    1
                ],
                [
                    1,
                    0
                ]
            ],
            "color": [
                1.0,
                0.0,
                0.0
            ],
            "rotationLevel": 0,
            "snapPanel": null,
            "transform": [
                0.6611164212226868,
                -0.7502833604812622,
                2.3037398932501674e-05,
                0.0,
                0.7502831220626831,
                0.6611162424087524,
                0.0007655853405594826,
                0.0,
                -0.0005896362708881497,
                -0.0004888564581051469,
                0.9999997019767761,
                0.0,
                9.477234840393066,
                1.6083930730819702,
                0.06241240352392197,
                1.0
            ]
        },
        {
            "blocks": [
                [
                    0,
                    0
                ]
            ],
            "color": [
                1.0,
                0.0,
                0.0
            ],
            "rotationLevel": 0,
            "snapPanel": null,
            "transform": [
                0.9107733368873596,
                0.4129066467285156,
                -3.0099467362987298e-09,
                0.0,
                -0.4129066467285156,
                0.9107733368873596,
                -8.189328104535321e-10,
                0.0,
                2.4032364986936727e-09,
                1.988689213305861e-09,
                1.0,
                0.0,
                8.967284202575684,
                1.8689557313919067,
                -8.578591725871831e-10,
                1.0
            ]
        },
        {
            "blocks": [
                [
                    0,
                    0
                ]
            ],
            "color": [
                1.0,
                0.0,
                0.0
            ],
            "rotationLevel": 0,
            "snapPanel": null,
            "transform": [
                0.8110392093658447,
                0.5849916338920593,
                0.00041370163671672344,
                0.0,
                -0.5849916338920593,
                0.8110392689704895,
                2.6686961064115167e-05,
                0.0,
                -0.00031991663854569197,
                -0.0002636561985127628,
                0.9999999403953552,
                0.0,
                9.27048397064209,
                1.8748013973236084,
                -4.304553658585064e-05,
                1.0
            ]
        },
        {
            "blocks": [
                [
                    0,
                    0
                ]
            ],
            "color": [
                1.0,
                0.0,
                0.0
            ],
            "rotationLevel": 0,
            "snapPanel": null,
            "transform": [
                -0.998283863067627,
                0.05855374410748482,
                0.0007766483468003571,
                0.0,
                -0.058556560426950455,
                -0.9982746839523315,
                -0.004312500823289156,
                0.0,
                0.0005227954243309796,
                -0.00435057794675231,
                0.9999904036521912,
                0.0,
                9.278489112854004,
                1.8033384084701538,
                0.06225435435771942,
                1.0
            ]
        },
        {
            "blocks": [
                [
                    0,
                    0
                ],
                [
                    0,
                    1
                ],
                [
                    1,
                    0
                ]
            ],
            "color": [
                1.0,
                0.0,
                0.0
            ],
            "rotationLevel": 0,
            "snapPanel": null,