{
    "bricks": [
        {
            "blocks": [
                [
                    0,
                    0
                ],
                [
                    1,
                    0
                ],
                [
                    0,
                    1
                ]
            ],
            "color": [
                0.5,
                0.5,
                0.5
            ],
            "rotationLevel": 0,
            "snapCoordinates": [
                0,
                0
            ],
            "snapPanel": 0,
            "transform": [
                0.707060694694519,
                -0.7071520090103149,
                0.0,
                0.0,
                0.2706232964992523,
                0.27058833837509155,
                0.9238748550415039,
                0.0,
                -0.6533200144767761,
                -0.6532355546951294,
                0.38269466161727905,
                0.0,
                4.150478363037109,
                0.9510453939437866,
                1.0017476081848145,
                1.0
            ]
        },
        {
            "blocks": [
                [
                    0,
                    0
                ],
                [
                    -1,
                    0
                ],
                [
                    -1,
                    1
                ],
                [
                    -1,
                    -1
                ],
                [
                    0,
                    -1
                ],
                [
                    1,
                    -1
                ]
            ],
            "color": [
                1.0,
                1.0,
                0.0
            ],
            "rotationLevel": 0,
            "snapPanel": null,
            "transform": [
                -0.9892141819000244,
                -0.14647658169269562,
                -2.5184531793343012e-08,
                0.0,
                0.14647658169269562,
                -0.9892141819000244,
                -2.056781056580803e-08,
                0.0,
                -2.190019365855278e-08,
                -2.4034914503090477e-08,
                1.0,
                0.0,
                3.187347412109375,
                0.7884477376937866,
                -2.1497790214652923e-09,
                1.0
            ]
        },
        {
            "blocks": [
                [
                    0,
                    0
                ],
                [
                    0,
                    1
                ],
                [
                    1,
                    0
                ]
            ],
            "color": [
                1.0,
                0.0,
                0.0
            ],
            "rotationLevel": 0,
            "snapPanel": null,
            "transform": [
                0.9799460768699646,
                -0.1992628574371338,
                1.2595325642905664e-05,
                0.0,
                0.1992628574371338,
                0.9799460768699646,
                1.4297716916189529e-05,
                0.0,
                -1.5191743841569405e-05,
                -1.1501211702125147e-05,
                1.0,
                0.0,
                9.505155563354492,
                1.6614482402801514,
                -1.8405474975224934e-06,
                1.0
            ]
        },
        {
            "blocks": [
                [
                    0,
                    0
                ],
                [
                    0,
                    1
                ],
                [
                    1,
                    0
                ]
            ],
            "color": [
                1.0,
                0.0,
                0.0
            ],
            "rotationLevel": 0,
            "snapPanel": null,
            "transform": [
                0.6469228267669678,
                -0.7625554203987122,
                -0.00035210815258324146,
                0.0,
                0.7625550627708435,
                0.6469219923019409,
                0.0013063050573691726,
                0.0,
                -0.0007683434523642063,
                -0.0011135804234072566,
                0.9999991059303284,
                0.0,
                9.470864295959473,
                1.6128393411636353,
                0.06241242587566376,
                1.0
            ]
        },
        {
            "blocks": [
                [
                    0,
                    0
                ]
            ],
            "color": [
                1.0,
                0.0,
                0.0
            ],
            "rotationLevel": 0,
            "snapPanel": null,
            "transform": [
                0.9105350375175476,
                0.41343188285827637,
                1.8282234393041108e-08,
                0.0,
                -0.41343188285827637,
                0.9105350375175476,
                3.0836169173653616e-08,
                0.0,
                -3.897959732768186e-09,
                -3.563587114285838e-08,
                1.0,
                0.0,
                8.967673301696777,
                1.8689945936203003,
                4.331360603515577e-09,
                1.0
            ]
        },
        {
            "blocks": [
                [
                    0,
                    0
                ]
            ],
            "color": [
                1.0,
                0.0,
                0.0
            ],
            "rotationLevel": 0,
            "snapPanel": null,
            "transform": [
                0.8021156787872314,
                0.5971686244010925,
                0.0001839745818870142,
                0.0,
                -0.5971686244010925,
                0.8021157383918762,
                -4.3495056161191314e-06,
                0.0,
                -0.00015016629185993224,
                -0.00010637503874022514,
                1.0,
                0.0,
                9.270245552062988,
                1.8766040802001953,
                -1.8173632270190865e-05,
                1.0
            ]
        },
        {
            "blocks": [
                [
                    0,
                    0
                ]
            ],
            "color": [
                1.0,
                0.0,
                0.0
            ],
            "rotationLevel": 0,
            "snapPanel": null,
            "transform": [
                -0.9994003772735596,
                0.034622736275196075,
                2.9117631129338406e-05,
                0.0,
                -0.034622736275196075,
                -0.9993987083435059,
                -0.0018008484039455652,
                0.0,
                -3.32501731463708e-05,
                -0.0018007769249379635,
                0.9999983906745911,
                0.0,
                9.29333782196045,
                1.815342664718628,
                0.062279533594846725,
                1.0
            ]
        }
    ],
    "entities": [
        {
            "components": {
                "mesh": {
                    "path": "./assets/models/vr-puzzle/waking-hall.glb"
                },
                "sound-emitter": {
                    "sounds": [
                        {
                            "hrid": "open-clock",
                            "path": "./assets/sounds/vr-puzzle/open-clock.wav"
                        }
                    ]
                }
            },
            "name": "waking-hall",