{
    "bricks": [
        {
            "blocks": [
                [
                    0,
                    0
                ],
                [
                    1,
                    0
                ],
                [
                    0,
                    1
                ]
            ],
            "color": [
                0.5,
                0.5,
                0.5
            ],
            "rotationLevel": 0,
            "snapCoordinates": [
                0,
                0
            ],
            "snapPanel": 0,
            "transform": [
                0.707060694694519,
                -0.7071520090103149,
                0.0,
                0.0,
                0.2706232964992523,
                0.27058833837509155,
                0.9238748550415039,
                0.0,
                -0.6533200144767761,
                -0.6532355546951294,
                0.38269466161727905,
                0.0,
                4.150478363037109,
                0.9510453939437866,
                1.0017476081848145,
                1.0
            ]
        },
        {
            "blocks": [
                [
                    0,
                    0
                ],
                [
                    -1,
                    0
                ],
                [
                    -1,
                    1
                ],
                [
                    -1,
                    -1
                ],
                [
                    0,
                    -1
                ],
                [
                    1,
                    -1
                ]
            ],
            "color": [
                1.0,
                1.0,
                0.0
            ],
            "rotationLevel": 0,
            "snapPanel": null,
            "transform": [
                -0.9892141819000244,
                -0.14647658169269562,
                -4.115891272249428e-08,
                0.0,
                0.14647658169269562,
                -0.9892141819000244,
                -9.934934652733318e-09,
                0.0,
                -3.925974567664525e-08,
                -1.5856594259844314e-08,
                1.0,
                0.0,
                3.187347412109375,
                0.7884477376937866,
                -4.384952845271073e-09,
                1.0
            ]
        },
        {
            "blocks": [
                [
                    0,
                    0
                ],
                [
                    0,
                    1
                ],
                [
                    1,
                    0
                ]
            ],
            "color": [
                1.0,
                0.0,
                0.0
            ],
            "rotationLevel": 0,
            "snapPanel": null,
            "transform": [
                0.9799187779426575,
                -0.19939705729484558,
                5.036095535615459e-05,
                0.0,
                0.19939693808555603,
                0.9799184203147888,
                0.0008427714346908033,
                0.0,
                -0.0002173957764171064,
                -0.0008158056880347431,
                0.9999996423721313,
                0.0,
                9.505069732666016,
                1.6613906621932983,
                -7.863101200200617e-05,
                1.0
            ]
        },
        {
            "blocks": [
                [
                    0,
                    0
                ],
                [
                    0,
                    1
                ],
                [
                    1,
                    0
                ]
            ],
            "color": [
                1.0,
                0.0,
                0.0
            ],
            "rotationLevel": 0,
            "snapPanel": null,
            "transform": [
                0.6470124125480652,
                -0.7624794244766235,
                -0.00025033310521394014,
                0.0,
                0.762479305267334,
                0.6470121145248413,
                0.0007363600889220834,
                0.0,
                -0.0003994908765889704,
                -0.0006673079915344715,
                0.9999997019767761,
                0.0,
                9.47061538696289,
                1.6124533414840698,
                0.06235642358660698,
                1.0
            ]
        },
        {
            "blocks": [
                [
                    0,
                    0
                ]
            ],
            "color": [
                1.0,
                0.0,
                0.0
            ],
            "rotationLevel": 0,
            "snapPanel": null,
            "transform": [
                0.9105614423751831,
                0.41337379813194275,
                -7.706247561145574e-05,
                0.0,
                -0.41337379813194275,
                0.9105614423751831,
                -3.407943950151093e-05,
                0.0,
                5.6082571973092854e-05,
                6.288703298196197e-05,
                1.0,
                0.0,
                8.967687606811523,
                1.868981957435608,
                -1.5692323358962312e-05,
                1.0
            ]
        },
        {
            "blocks": [
                [
                    0,
                    0
                ]
            ],
            "color": [
                1.0,
                0.0,
                0.0
            ],
            "rotationLevel": 0,
            "snapPanel": null,
            "transform": [
                0.8027657866477966,
                0.5962938070297241,
                0.0009058231953531504,
                0.0,
                -0.5962944030761719,
                0.802765429019928,
                0.0007929850835353136,
                0.0,
                -0.0002543114824220538,
                -0.0011767186224460602,
                0.9999992847442627,
                0.0,
                9.270130157470703,
                1.876771330833435,
                -9.960853640222922e-05,
                1.0
            ]
        },
        {
            "blocks": [
                [
                    0,
                    0
                ]
            ],
            "color": [
                1.0,
                0.0,
                0.0
            ],
            "rotationLevel": 0,
            "snapPanel": null,
            "transform": [
                -0.99941086769104,
                0.03432425856590271,
                -0.0001277033588849008,
                0.0,
                -0.034324124455451965,
                -0.9994103908538818,
                -0.0009344233549199998,
                0.0,
                -0.00015970144886523485,
                -0.0009294894407503307,
                0.9999995827674866,
                0.0,
                9.292612075805664,
                1.8170020580291748,
                0.062333885580301285,
                1.0
            ]
        }
    ],
    "entities": [
        {
            "components": {
                "mesh": {
                    "path": "./assets/models/vr-puzzle/waking-hall.glb"
                },
                "sound-emitter": {
                    "sounds": [
                        {
                            "hrid": "open-clock",
                            "path": "./assets/sounds/vr-puzzle/open-clock.wav"
                        }
                    ]
                }
            },
            "name": "waking-hall",