{
    "bricks": [
        {
            "blocks": [
                [
                    0,
                    0
                ],
                [
                    1,
                    0
                ],
                [
                    0,
                    1
                ]
            ],
            "color": [
                0.0,
                1.0,
                1.0
            ],
            "transform": [
                0.9999978542327881,
                0.001990419114008546,
                -0.0006106406799517572,
                0.0,
                -0.0019901550840586424,
                0.9999979138374329,
                0.0004327220667619258,
                0.0,
                0.0006115007563494146,
                -0.00043150587589479983,
                0.9999997019767761,
                0.0,
                0.0007745216717012227,
                -0.0008437501383014023,
                -0.00010807927174028009,
                1.0
            ]
        },
        {
            "blocks": [
                [
                    0,
                    0
                ],
                [
                    -1,
                    0
                ],
                [
                    1,
                    0
                ],
                [
                    0,
                    1
                ]
            ],
            "color": [
                1.0,
                1.0,
                0.0
            ],
            "transform": [
                0.9999987483024597,
                0.0012635323219001293,
                -0.0009714465704746544,
                0.0,
                -0.0012636191677302122,
                0.9999992251396179,
                -8.885131683200598e-05,
                0.0,
                0.0009713335311971605,
                9.007874177768826e-05,
                0.9999995231628418,
                0.0,
                0.0008378391503356397,
                -0.0008026691502891481,
                0.06232280656695366,
                1.0
            ]
        },
        {
            "blocks": [
                [
                    0,
                    0
                ],
                [
                    0,
                    1
                ]
            ],
            "color": [
                0.0,
                0.0,
                1.0
            ],
            "transform": [
                0.9999935626983643,
                0.003458613296970725,
                -0.00094921252457425,
                0.0,
                -0.0034577546175569296,
                0.999993622303009,
                0.0009045661427080631,
                0.0,
                0.000952335016336292,
                -0.000901278224773705,
                0.9999991655349731,
                0.0,
                0.0012274279724806547,
                -0.001006601145491004,
                0.12471243739128113,
                1.0
            ]
        }
    ],
    "entities": [
        {
            "components": {
                "mesh": {
                    "path": "./assets/models/vr-puzzle/waking-hall.glb"
                },
                "sound-emitter": {
                    "sounds": [
                        {
                            "hrid": "open-clock",
                            "path": "./assets/sounds/vr-puzzle/open-clock.wav"
                        }
                    ]
                }
            },
            "name": "waking-hall",
            "transform": [
                1.5999999959603883e-05,
                1.0,
                0.0,
                0.0,
                -1.0,
                1.5999999959603883e-05,
                0.0,
                0.0,
                0.0,
                0.0,
                1.0,
                0.0,
                0.0,
                0.0,
                0.0,
                1.0
            ]
        }
    ],
    "file": {
        "type": "LEVEL",
        "version": 0
    },
    "name": "intro",
    "panels": [
        {
            "extent": [
                3,
                3
            ],
            "transform": [
                -4.8999998398358e-05,
                -1.0,
                0.0,
                0.0,
                1.0,
                -4.8999998398358e-05,
                0.0,
                0.0,
                0.0,
                0.0,
                1.0,
                0.0,
                1.0,
                0.800000011920929,
                0.0,
                1.0
            ]
        }
    ]
}