{
    "bricks": [
        {
            "blocks": [[0, 0], [1, 0], [0, 1]],
            "color": [0.5, 0.5, 0.5],
            "rotationLevel": 0,
            "snapCoordinates": [0, 0],
            "snapPanel": 0,
            "transform": [
                0.707060694694519,
                -0.7071520090103149,
                0.0,
                0.0,
                0.2706232964992523,
                0.27058833837509155,
                0.9238748550415039,
                0.0,
                -0.6533200144767761,
                -0.6532355546951294,
                0.38269466161727905,
                0.0,
                4.150478363037109,
                0.9510453939437866,
                1.0017476081848145,
                1.0
            ]
        },
        {
            "blocks": [[0, 0], [-1, 0], [-1, 1], [-1, -1], [0, -1], [1, -1]],
            "color": [1.0, 1.0, 0.0],
            "rotationLevel": 0,
            "snapPanel": null,
            "transform": [
                -0.9892141819000244,
                -0.14647658169269562,
                -1.1677821376565589e-8,
                0.0,
                0.14647658169269562,
                -0.9892141819000244,
                7.484066699703362e-9,
                0.0,
                -1.2648106562096473e-8,
                5.69281688456158e-9,
                1.0,
                0.0,
                3.187347412109375,
                0.7884477376937866,
                2.0722170646081395e-9,
                1.0
            ]
        },
        {
            "blocks": [[0, 0], [0, 1], [1, 0]],
            "color": [1.0, 0.0, 0.0],
            "rotationLevel": 0,
            "snapPanel": null,
            "transform": [
                0.9795696139335632,
                -0.2011052668094635,
                -5.770027564722113e-5,
                0.0,
                0.2011052668094635,
                0.9795694947242737,
                0.0005446296418085694,
                0.0,
                -5.300646080286242e-5,
                -0.0005451064789667726,
                0.9999998211860657,
                0.0,
                9.505395889282227,
                1.6609389781951904,
                -4.7301120503107086e-5,
                1.0
            ]
        },
        {
            "blocks": [[0, 0], [0, 1], [1, 0]],
            "color": [1.0, 0.0, 0.0],
            "rotationLevel": 0,
            "snapPanel": null,
            "transform": [
                0.652470052242279,
                -0.7578144669532776,
                5.644929478876293e-5,
                0.0,
                0.7578139901161194,
                0.6524696946144104,
                0.0011067576706409454,
                0.0,
                -0.0008755484595894814,
                -0.0006793480715714395,
                0.9999994039535522,
                0.0,
                9.47197151184082,
                1.6099674701690674,
                0.06237252056598663,
                1.0
            ]
        },
        {
            "blocks": [[0, 0]],
            "color": [1.0, 0.0, 0.0],
            "rotationLevel": 0,
            "snapPanel": null,
            "transform": [
                0.9106241464614868,
                0.41323554515838623,
                1.0461064015032662e-8,
                0.0,
                -0.41323554515838623,
                0.9106241464614868,
                1.143699135397469e-9,
                0.0,
                -9.053480631848743e-9,
                -5.3643631758859556e-9,
                1.0,
                0.0,
                8.967886924743652,
                1.868990421295166,
                -7.916197697355187e-10,
                1.0
            ]
        },
        {
            "blocks": [[0, 0]],
            "color": [1.0, 0.0, 0.0],
            "rotationLevel": 0,
            "snapPanel": null,
            "transform": [
                0.8053143620491028,
                0.592848002910614,
                0.0001875732559710741,
                0.0,
                -0.5928478837013245,
                0.8053138256072998,
                0.0010083795059472322,
                0.0,
                0.0004467604449018836,
                -0.0009232649463228881,
                0.999999463558197,
                0.0,
                9.270551681518555,
                1.8752930164337158,
                -8.62731903907843e-5,
                1.0
            ]
        },
        {
            "blocks": [[0, 0]],
            "color": [1.0, 0.0, 0.0],
            "rotationLevel": 0,
            "snapPanel": null,
            "transform": [
                -0.9991564750671387,
                0.04106130078434944,
                0.0004415445146150887,
                0.0,
                -0.041061680763959885,
                -0.9991562366485596,
                -0.0008822735981084406,
                0.0,
                0.00040494464337825775,
                -0.0008996599935926497,
                0.9999995231628418,
                0.0,
                9.289462089538574,
                1.8092668056488037,
                0.062337908893823624,
                1.0
            ]
        },
        {
            "blocks": [[0, 0], [0, 1], [1, 0]],
            "color": [1.0, 0.0, 0.0],
            "rotationLevel": 0,
            "snapPanel": null,
            "transform": [
                0.9999977946281433,
                -0.0020916115026921034,
                -7.153613842092454e-5,
                0.0,
                0.002091606380417943,
                0.9999977946281433,
                -7.429115066770464e-5,
                0.0,
                7.169136370066553e-5,
                7.414136780425906e-5,
                1.0,
                0.0,
                16.647146224975586,
                1.4556173086166382,
                -1.6201383914449252e-5,
                1.0
            ]
        },
        {
            "blocks": [[0, 0], [0, 1], [1, 0]],
            "color": [1.0, 0.0, 0.0],
            "rotationLevel": 0,
            "snapPanel": null,
            "transform": [
                0.9999918937683105,
                0.0040226285345852375,
                -0.00020201569714117795,
                0.0,
                -0.004022654611617327,
                0.9999918937683105,
                -0.00012795002839993685,
                0.0,
                0.00020149936608504504,
                0.00012876161781605333,
                1.0,
                0.0,
                16.7829647064209,
                1.504088044166565,
                0.062394820153713226,
                1.0
            ]
        },
        {
            "blocks": [[0, 0], [0, 1], [1, 0]],
            "color": [1.0, 0.0, 0.0],
            "rotationLevel": 0,
            "snapPanel": null,
            "transform": [
                0.9520547986030579,
                0.05783497542142868,
                0.3004109561443329,
                0.0,
                -0.06064046174287796,
                0.998159646987915,
                1.4998018741607666e-5,
                0.0,
                -0.2998572289943695,
                -0.018231337890028954,
                0.9538098573684692,
                0.0,
                16.380765914916992,
                1.4117621183395386,
                0.03303852677345276,
                1.0
            ]
        },
        {
            "blocks": [[0, 0], [0, 1]],
            "color": [1.0, 0.0, 0.0],
            "rotationLevel": 0,
            "snapPanel": null,